{
    "mix_0000001": {
        "tot_speech": 8.11,
        "tot_overlap": 0.35881627620221945,
        "rir_meta": {
            "pos_src": [
                [
                    2.6649298722550245,
                    4.095634382170645,
                    1.7505892824919036
                ],
                [
                    4.798951521210135,
                    2.508050846536567,
                    1.6075440231553038
                ]
            ],
            "pos_rcv": [
                [
                    3.9527443328809673,
                    2.3180408069100578,
                    1.5
                ],
                [
                    3.6527443328809674,
                    2.6180408069100576,
                    1.5
                ],
                [
                    3.3527443328809676,
                    2.3180408069100578,
                    1.5
                ],
                [
                    3.6527443328809674,
                    2.018040806910058,
                    1.5
                ]
            ],
            "orv_rcv": [
                [
                    1.0,
                    0.0,
                    0
                ],
                [
                    6.123233995736766e-17,
                    1.0,
                    0
                ],
                [
                    -1.0,
                    1.2246467991473532e-16,
                    0
                ],
                [
                    -1.8369701987210297e-16,
                    -1.0,
                    0
                ]
            ],
            "mic_types": [
                "omni",
                "omni",
                "omni",
                "omni"
            ],
            "T60": 0.3768841260367593,
            "room_size": [
                7.305488665761935,
                4.6360816138201155,
                3.466043938106484
            ],
            "abs_weights": [
                0.7186746513658456,
                0.7186746513658456,
                0.7186746513658456,
                0.7186746513658456,
                0.7186746513658456,
                0.6239057656834449
            ],
            "fs": 16000,
            "att_diff": 40.0,
            "att_max": 60.0,
            "n_mics": 4,
            "n_src": 2
        },
        "s1": [
            {
                "file": "61/70968/61-70968-0033.flac",
                "words": [
                    "robin",
                    "suddenly",
                    "rushed",
                    "forth",
                    "with",
                    "his",
                    "burden",
                    "with",
                    "a",
                    "great",
                    "shout"
                ],
                "spk_id": "61",
                "chapter_id": "70968",
                "utt_id": "61-70968-0033",
                "start": 0.394,
                "stop": 3.304,
                "orig_start": 2.53,
                "orig_stop": 5.44,
                "lvl": -4.795642507283252,
                "source": "s1"
            }
        ],
        "s2": [
            {
                "file": "8230/279154/8230-279154-0026.flac",
                "words": [
                    "but",
                    "it",
                    "is",
                    "not",
                    "so",
                    "easy",
                    "to",
                    "carry",
                    "out",
                    "in",
                    "practice",
                    "as",
                    "it",
                    "is",
                    "to",
                    "draw",
                    "in",
                    "theory"
                ],
                "spk_id": "8230",
                "chapter_id": "279154",
                "utt_id": "8230-279154-0026",
                "start": 0.394,
                "stop": 5.594,
                "orig_start": 3.78,
                "orig_stop": 8.98,
                "lvl": -3.240837950346187,
                "source": "s2"
            }
        ],
        "noise": [
            {
                "file": "test/washing_machine/223693_4.wav",
                "start": 0,
                "stop": 6.044576015331289,
                "orig_start": 9.429,
                "orig_stop": 15.474,
                "lvl": -12.43682977385906,
                "source": "noise",
                "channel": 1
            }
        ]
        
    }
}
   
